"","Site","DxG_block","paddock","genus_species","species_code","Date","Season","height_cm","emerging_leaves","developed_leaves","scenesced_leaves","percent_green","lifespan","growth_form","photosynthetic_pathway","leaf_thickness_.mm.","wet_leaf_weight_g","Dry_Biomass_min_Leaf_g","Dry_Leaf_Weight_g","Leaf_Area"
"1","TB",1,"LG","Alyssum_desetorum","ALDE","5/24/22","Early",7.2,5,12,0,100,"annual","forb","C3",0.034,"0.001","0.0433","0.0003",0.06
"2","TB",1,"MG","Alyssum_desetorum","ALDE","5/25/22","Early",8,7,22,1,95,"annual","forb","C3",0.034,"0.0016","0.0142","1e-05",0.053
"3","TB",1,"HG","Alyssum_desetorum","ALDE","5/25/22","Early",9.2,5,7,2,95,"annual","forb","C3",0.042,"0.0013","0.026","0.0002",0.066
"4","TB",2,"LG","Alyssum_desetorum","ALDE","5/26/22","Early",5.7,2,4,2,99,"annual","forb","C3",0.036,"0.0031","0.0233","1e-05",0.088
"5","TB",2,"MG","Alyssum_desetorum","ALDE","5/26/22","Early",5.2,0,3,0,100,"annual","forb","C3",0.036,"0.0011","0.0087",NA,0.045
"6","TB",2,"HG","Alyssum_desetorum","ALDE","5/26/22","Early",2.4,0,22,1,97,"annual","forb","C3",0.063,"0.0034","0.087",NA,0.129
"7","TB",3,"LG","Alyssum_desetorum","ALDE","5/26/22","Early",7.3,8,10,0,98,"annual","forb","C3",0.055,"0.002","0.0333","0.0002",0.077
"8","TB",3,"MG","Alyssum_desetorum","ALDE","5/26/22","Early",5.7,0,5,0,99,"annual","forb","C3",0.034,"0.0007","0.0195","1e-05",0.03
"9","TB",3,"HG","Alyssum_desetorum","ALDE","5/26/22","Early",3.4,6,7,0,97,"annual","forb","C3",0.048,"0.0016","0.0164","1e-05",0.069
"10","TB",1,"LG","Allium_textile","ALTE","5/24/22","Early",6.1,0,2,0,85,"annual","forb","C3",0.045,"0.0398","0.0342","0.0066",1.001
"11","TB",1,"MG","Allium_textile","ALTE","5/25/22","Early",11,0,1,0,95,"annual","forb","C3",0.058,"0.2296","0.0639","0.0346",1.655
"12","TB",1,"HG","Allium_textile","ALTE","5/25/22","Early",7.8,0,2,0,95,"annual","forb","C3",0.062,"0.0702","0.0551","0.0145",3.547
"13","TB",2,"LG","Allium_textile","ALTE","5/26/22","Early",9.4,0,2,0,70,"annual","forb","C3",0.065,"0.712","0.0563","0.0103",1.414
"14","TB",2,"MG","Allium_textile","ALTE","5/26/22","Early",8.3,0,1,1,95,"annual","forb","C3",0.033,"0.0656","0.0247","0.0082",1.53
"15","TB",2,"HG","Allium_textile","ALTE","5/26/22","Early",6.8,0,1,0,98,"annual","forb","C3",0.09,"0.0564","0.0355","0.0064",1.206
"16","TB",3,"LG","Allium_textile","ALTE","5/26/22","Early",7.7,0,1,1,70,"annual","forb","C3",0.074,"0.0636","0.0551","0.0105",1.349
"17","TB",3,"MG","Allium_textile","ALTE","5/26/22","Early",4.5,0,1,0,80,"annual","forb","C3",0.078,"0.0495","0.0189","0.0064",1.058
"18","TB",3,"HG","Allium_textile","ALTE","5/26/22","Early",6.8,0,2,0,60,"annual","forb","C3",0.046,"0.0301","0.0348","0.0045",0.902
"19","TB",1,"LG","Antennaria_parvifolia","ANPA","5/24/22","Early",3.5,7,63,3,85,"perennial","forb","C3",0.047,"0.0161","0.3375","0.0035",0.611
"20","TB",1,"MG","Antennaria_parvifolia","ANPA","5/25/22","Early",1.9,9,39,1,95,"perennial","forb","C3",0.033,"0.0038","0.3022","0.001",0.38
"21","TB",1,"HG","Antennaria_parvifolia","ANPA","5/25/22","Early",1.8,6,79,0,90,"perennial","forb","C3",0.037,"0.0101","0.3741","0.0015",0.162
"22","TB",2,"LG","Antennaria_parvifolia","ANPA","5/26/22","Early",1.4,2,18,0,95,"perennial","forb","C3",0.043,"0.024","0.0832","0.0047",0.639
"23","TB",2,"MG","Antennaria_parvifolia","ANPA","5/26/22","Early",1.8,3,41,0,97,"perennial","forb","C3",0.024,"0.0166","0.2277","0.0024",0.551
"24","TB",2,"HG","Antennaria_parvifolia","ANPA","5/26/22","Early",3.8,8,23,6,95,"perennial","forb","C3",0.046,"0.0112","0.1611","0.0027",0.321
"25","TB",3,"LG","Antennaria_parvifolia","ANPA","5/26/22","Early",1.4,7,34,5,90,"perennial","forb","C3",0.033,"0.0133","0.1261","0.0033",0.479
"26","TB",3,"MG","Antennaria_parvifolia","ANPA","5/26/22","Early",1.1,0,13,0,98,"perennial","forb","C3",0.034,"0.0171","0.0327","0.0051",0.631
"27","TB",3,"HG","Antennaria_parvifolia","ANPA","5/26/22","Early",2,2,34,0,97,"perennial","forb","C3",0.054,"0.0172","0.1123","0.0035",0.643
"28","TB",1,"LG","Artemisia_frigida","ARFR","6/28/22","Late",14.8,1,23,23,85,"perennial","woody","C3",0.017,"0.0009","0.0148",NA,NA
"29","TB",1,"MG","Artemisia_frigida","ARFR","6/28/22","Late",11.2,13,28,0,99,"perennial","woody","C3",0.039,"0.0004","0.0494","1e-05",NA
"30","TB",1,"HG","Artemisia_frigida","ARFR","6/28/22","Late",25.5,12,60,3,95,"perennial","woody","C3",0.035,"0.0017","0.0626","0.002",NA
"31","TB",2,"LG","Artemisia_frigida","ARFR","6/29/22","Late",10.8,12,41,4,95,"perennial","woody","C3",0.03,"0.0015","0.41","0.0002",NA
"32","TB",2,"MG","Artemisia_frigida","ARFR","6/29/22","Late",12.9,16,44,1,95,"perennial","woody","C3",0.036,"0.0017","0.0567","0.0004",NA
"33","TB",2,"HG","Artemisia_frigida","ARFR","6/29/22","Late",14.1,6,47,0,98,"perennial","woody","C3",0.032,"0.0014","0.0434","0.0001",NA
"34","TB",3,"LG","Artemisia_frigida","ARFR","6/29/22","Late",NA,NA,NA,NA,NA,"perennial","woody","C3",NA,"",NA,NA,NA
"35","TB",3,"MG","Artemisia_frigida","ARFR","6/29/22","Late",NA,NA,NA,NA,NA,"perennial","woody","C3",NA,"",NA,NA,NA
"36","TB",3,"HG","Aartemisia_frigida","ARFR","6/29/22","Late",NA,NA,NA,NA,NA,"perennial","woody","C3",0.052,"0.00141",NA,NA,NA
"37","TB",1,"LG","Aristida_purpurea","ARPU","6/28/22","Late",11.1,1,4,2,95,"perennial","graminoid","C4",0.017,"0.0051","0.0153","0.0012",NA
"38","TB",1,"MG","Aristida_purpurea","ARPU","6/28/22","Late",18.5,0,2,0,100,"perennial","graminoid","C4",0.02,"0.0055","0.0223","0.002",NA
"39","TB",1,"HG","Aristida_purpurea","ARPU","6/28/22","Late",24.1,0,3,0,99,"perennial","graminoid","C4",0.018,"0.0086","0.0064","0.0029",NA
"40","TB",2,"LG","Aristida_purpurea","ARPU","6/29/22","Late",21.9,1,4,0,99,"perennial","graminoid","C4",0.024,"0.0081","0.0138","0.0025",NA
"41","TB",2,"MG","Aristida_purpurea","ARPU","6/29/22","Late",26.5,2,3,0,60,"perennial","graminoid","C4",0.026,"0.026","0.0187","0.0099",NA
"42","TB",2,"HG","Aristida_purpurea","ARPU","6/29/22","Late",31.6,1,1,0,100,"perennial","graminoid","C4",0.019,"0.0185","0.0104","0.0075",NA
"43","TB",3,"LG","Aristida_purpurea","ARPU","6/29/22","Late",NA,NA,NA,NA,NA,"perennial","graminoid","C4",NA,"",NA,NA,NA
"44","TB",3,"MG","Aristida_purpurea","ARPU","6/29/22","Late",NA,NA,NA,NA,NA,"perennial","graminoid","C4",NA,"",NA,NA,NA
"45","TB",3,"HG","Aristida_purpurea","ARPU","6/29/22","Late",NA,NA,NA,NA,NA,"perennial","graminoid","C4",NA,"",NA,NA,NA
"46","TB",1,"LG","Artemisia_tridentata","ARTR","6/28/22","Late",29.9,12,15,2,90,"perennial","woody","C3",0.023,"0.0101","0.0429","0.0022",NA
"47","TB",1,"MG","Artemisia_tridentata","ARTR","6/28/22","Late",29,12,29,0,98,"perennial","woody","C3",0.042,"0.0173","0.0572","0.0042",NA
"48","TB",1,"HG","Artemisia_tridentata","ARTR","6/28/22","Late",27.8,5,21,0,100,"perennial","woody","C3",0.045,"0.0281","0.081","0.0079",NA
"49","TB",2,"LG","Artemisia_tridentata","ARTR","6/29/22","Late",37.6,9,18,0,85,"perennial","woody","C3",0.037,"0.0082","0.0121","0.0012",NA
"50","TB",2,"MG","Artemisia_tridentata","ARTR","6/29/22","Late",21.6,5,10,0,98,"perennial","woody","C3",0.049,"0.0186","0.0295","0.0043",NA
"51","TB",2,"HG","Artemisia_tridentata","ARTR","6/29/22","Late",22.3,12,16,0,100,"perennial","woody","C3",0.049,"0.0082","0.0345","0.0033",NA
"52","TB",3,"LG","Artemisia_tridentata","ARTR","6/29/22","Late",11,10,7,0,98,"perennial","woody","C3",0.047,"0.0149","0.0231","0.0037",NA
"53","TB",3,"MG","Artemisia_tridentata","ARTR","6/29/22","Late",15,9,6,0,90,"perennial","woody","C3",0.045,"0.0123","0.0309","0.0033",NA
"54","TB",3,"HG","Artemisia_tridentata","ARTR","6/29/22","Late",12.5,10,10,0,90,"perennial","woody","C3",0.028,"0.0104","0.0511","0.0053",NA
"55","TB",1,"LG","Astragalus_bisulcatus","ASBI","5/24/22","Early",17.4,1,7,0,97,"perennial","woody","C3",0.029,"0.3478","0.6494","0.0764",11.708
"56","TB",1,"MG","Astragalus_bisulcatus","ASBI","5/25/22","Early",18.1,4,8,0,97,"perennial","woody","C3",0.037,"0.3849","0.6915",NA,15.196
"57","TB",1,"HG","Astragalus_bisulcatus","ASBI","5/25/22","Early",13,2,6,1,96,"perennial","woody","C3",0.03,"0.4425","0.619","0.1117",13.418
"58","TB",2,"LG","Astragalus_bisulcatus","ASBI","5/26/22","Early",12.1,1,8,1,90,"perennial","woody","C3",0.03,"0.5232","0.669","0.103",18.064
"59","TB",2,"MG","Astragalus_bisulcatus","ASBI","5/26/22","Early",11.2,1,6,0,97,"perennial","woody","C3",0.025,"0.2155","0.3255","0.0377",7.186
"60","TB",2,"HG","Astragalus_bisulcatus","ASBI","5/26/22","Early",10.6,1,5,1,97,"perennial","woody","C3",0.038,"0.3622","0.4461","0.0839",11.407
"61","TB",3,"LG","Astragalus_bisulcatus","ASBI","5/26/22","Early",11.4,1,8,0,98,"perennial","woody","C3",0.039,"0.3446","0.4939","0.0743",11.605
"62","TB",3,"MG","Astragalus_bisulcatus","ASBI","5/26/22","Early",18.6,2,8,0,99,"perennial","woody","C3",0.027,"0.283","1.1747","0.0683",12.157
"63","TB",3,"HG","Astragalus_bisulcatus","ASBI","5/26/22","Early",15.1,2,9,0,98,"perennial","woody","C3",0.03,"0.5037","1.085","0.1291",NA
"64","TB",1,"LG","Bouteloua_gracilis","BOGR","6/28/22","Late",3.2,1,4,0,95,"perennial","graminoid","C4",0.018,"0.0084","0.0099","0.0017",NA
"65","TB",1,"MG","Bouteloua_gracilis","BOGR","6/28/22","Late",8.1,1,4,0,98,"perennial","graminoid","C4",0.027,"0.0107","0.0164","0.0029",NA
"66","TB",1,"HG","Bouteloua_gracilis","BOGR","6/28/22","Late",9.2,1,4,0,97,"perennial","graminoid","C4",0.028,"0.0247","0.0346","0.009",NA
"67","TB",2,"LG","Bouteloua_gracilis","BOGR","6/29/22","Late",5.1,1,2,0,90,"perennial","graminoid","C4",0.028,"0.0057","0.0055","0.0017",NA
"68","TB",2,"MG","Bouteloua_gracilis","BOGR","6/29/22","Late",8.6,1,4,0,97,"perennial","graminoid","C4",0.026,"0.0089","0.0171","0.0034",NA
"69","TB",2,"HG","Bouteloua_gracilis","BOGR","6/29/22","Late",5.5,1,2,0,99,"perennial","graminoid","C4",0.026,"0.009","0.005","0.0015",NA
"70","TB",3,"LG","Bouteloua_gracilis","BOGR","6/29/22","Late",4.1,1,3,0,97,"perennial","graminoid","C4",0.024,"0.0091","0.0112","0.0028",NA
"71","TB",3,"MG","Bouteloua_gracilis","BOGR","6/29/22","Late",10.1,1,3,0,80,"perennial","graminoid","C4",0.019,"0.0127","0.0207","0.0047",NA
"72","TB",3,"HG","Bouteloua_gracilis","BOGR","6/29/22","Late",9.3,1,2,1,75,"perennial","graminoid","C4",0.041,"0.0064","0.0128","0.0036",NA
"73","TB",1,"LG","Bromus_arvensis","BRAR","5/24/22","Early",9.6,1,3,1,95,"annual","graminoid","C3",0.027,"0.0169","0.0358","0.0056",0.933
"74","TB",1,"MG","Bromus_arvensis","BRAR","5/25/22","Early",5.8,1,3,0,100,"annual","graminoid","C3",0.038,"0.0049","0.0075","0.0004",0.351
"75","TB",1,"HG","Bromus_arvensis","BRAR","5/25/22","Early",9.3,1,7,2,90,"annual","graminoid","C3",0.027,"0.0168","0.0309","0.0047",1.074
"76","TB",2,"LG","Bromus_arvensis","BRAR","5/26/22","Early",10.6,1,3,1,98,"annual","graminoid","C3",0.03,"0.0234","0.0301","0.0052",1.351
"77","TB",2,"MG","Bromus_arvensis","BRAR","5/26/22","Early",10.6,1,3,1,95,"annual","graminoid","C3",0.03,"0.0202","0.0224","0.0043",1.431
"78","TB",2,"HG","Bromus_arvensis","BRAR","5/26/22","Early",5.2,1,3,0,90,"annual","graminoid","C3",0.024,"0.0048","0.0072","0.0011",0.438
"79","TB",3,"LG","Bromus_arvensis","BRAR","5/26/22","Early",7,1,3,4,85,"annual","graminoid","C3",0.022,"0.0129","0.0178","0.0032",0.81
"80","TB",3,"LG","Bromus_arvensis","BRAR","5/26/22","Early",7,1,3,4,85,"annual","graminoid","C3",0.022,"0.0129","0.0184","0.0032",0.81
"81","TB",3,"MG","Bromus_arvensis","BRAR","5/26/22","Early",6.5,0,3,3,90,"annual","graminoid","C3",0.037,"0.0055","0.0104","0.0005",0.483
"82","TB",3,"HG","Bromus_arvensis","BRAR","5/26/22","Early",7.9,1,3,4,85,"annual","graminoid","C3",0.034,"0.0064",NA,"0.0003",0.551
"83","TB",1,"LG","Bromus_tectorum","BRTE","5/24/22","Early",14.2,1,4,0,100,"annual","graminoid","C3",0.023,"0.0282","0.0593","0.0075",1.641
"84","TB",1,"MG","Bromus_tectorum","BRTE","5/25/22","Early",18.9,1,5,0,95,"annual","graminoid","C3",0.047,"0.0594","0.1028","0.0111",2.61
"85","TB",1,"HG","Bromus_tectorum","BRTE","5/25/22","Early",16.4,0,4,1,95,"annual","graminoid","C3",0.038,"0.0406","0.2173",NA,3.463
"86","TB",2,"LG","Bromus_tectorum","BRTE","5/26/22","Early",8.7,1,4,0,85,"annual","graminoid","C3",0.028,"0.0172","0.0255","0.0044",1.091
"87","TB",2,"MG","Bromus_tectorum","BRTE","5/26/22","Early",10.6,0,4,3,90,"annual","graminoid","C3",0.026,"0.0022","0.0311","0.0004",0.186
"88","TB",2,"HG","Bromus_tectorum","BRTE","5/26/22","Early",19.1,0,3,2,70,"annual","graminoid","C3",0.036,"0.0206","0.1859","0.006",1.608
"89","TB",3,"LG","Bromus_tectorum","BRTE","5/26/22","Early",7.6,2,6,0,97,"annual","graminoid","C3",NA,"",NA,NA,NA
"90","TB",3,"MG","Bromus_tectorum","BRTE","5/26/22","Early",11.2,0,6,3,95,"annual","graminoid","C3",0.023,"0.0062","0.0656","0.002",0.629
"91","TB",3,"HG","Bromus_tectorum","BRTE","5/26/22","Early",7.1,0,5,1,97,"annual","graminoid","C3",0.029,"0.0007",NA,"1e-05",0.079
"92","TB",1,"LG","Carex_duriuscula","CADU","5/24/22","Early",8.9,1,2,0,98,"perennial","graminoid","C3",0.026,"0.015","0.0103","0.0059",0.667
"93","TB",1,"MG","Carex_duriuscula","CADU","5/25/22","Early",4.8,1,4,0,95,"perennial","graminoid","C3",0.034,"0.0083","0.0062","0.0031",0.309
"94","TB",1,"HG","Carex_duriuscula","CADU","5/25/22","Early",6,1,2,0,98,"perennial","graminoid","C3",0.037,"0.0089","0.0042","0.0031",0.376
"95","TB",2,"LG","Carex_duriuscula","CADU","5/26/22","Early",8.3,1,2,0,60,"perennial","graminoid","C3",0.061,"0.0097","0.004","0.0034",0.283
"96","TB",2,"MG","Carex_duriuscula","CADU","5/26/22","Early",4.6,0,2,0,95,"perennial","graminoid","C3",0.033,"0.016","0.0373","0.0045",0.821
"97","TB",2,"HG","Carex_duriuscula","CADU","5/26/22","Early",6.3,0,1,0,97,"perennial","graminoid","C3",0.051,"0.007","0.0158","0.0025",0.306
"98","TB",3,"LG","Carex_duriuscula","CADU","5/26/22","Early",7.6,2,3,0,90,"perennial","graminoid","C3",0.034,"0.0147","0.0072","0.0055",0.632
"99","TB",3,"MG","Carex_duriuscula","CADU","5/26/22","Early",NA,NA,NA,NA,NA,"perennial","graminoid","C3",0.054,"0.0146","0.0157","0.0049",0.59
"100","TB",3,"HG","Carex_duriuscula","CADU","5/26/22","Early",NA,NA,NA,NA,NA,"perennial","graminoid","C3",NA,"",NA,NA,NA
"101","TB",1,"LG","Carex_filifolia","CAFI","5/24/22","Early",12.6,1,3,0,80,"perennial","graminoid","C3",0.042,"0.0165","0.0096","0.0052",0.688
"102","TB",1,"MG","Carex_filifolia","CAFI","5/25/22","Early",10.2,3,2,0,75,"perennial","graminoid","C3",0.051,"0.0141","0.013",NA,0.456
"103","TB",1,"HG","Carex_filifolia","CAFI","5/25/22","Early",7.9,1,3,0,70,"perennial","graminoid","C3",0.037,"0.0087","0.007","0.003",0.373
"104","TB",2,"LG","Carex_filifolia","CAFI","5/26/22","Early",10.8,1,4,0,80,"perennial","graminoid","C3",0.044,"0.0167","0.007","0.006",NA
"105","TB",2,"MG","Carex_filifolia","CAFI","5/26/22","Early",13.9,1,3,0,85,"perennial","graminoid","C3",0.03,"0.026","0.0114","0.0079",1.326
"106","TB",2,"HG","Carex_filifolia","CAFI","5/26/22","Early",9.2,1,3,0,80,"perennial","graminoid","C3",0.052,"0.0119","0.0139","0.0039",0.498
"107","TB",3,"LG","Carex_filifolia","CAFI","5/26/22","Early",5.7,0,2,1,65,"perennial","graminoid","C3",0.033,"0.0098","0.0358","0.0032",0.598
"108","TB",3,"MG","Carex_filifolia","CAFI","5/26/22","Early",8.9,1,4,0,90,"perennial","graminoid","C3",NA,"",NA,NA,NA
"109","TB",3,"HG","Carex_filifolia","CAFI","5/26/22","Early",10.2,0,2,0,60,"perennial","graminoid","C3",0.032,"0.0085","0.0156","0.0024",0.421
"110","TB",1,"LG","Cirsium_undulatum","CIUN","5/24/22","Early",10.4,4,16,0,90,"perennial","forb","C3",0.045,"0.5788","1.1679","0.112",9.68
"111","TB",1,"MG","Cirsium_undulatum","CIUN","5/25/22","Early",7.2,1,4,1,80,"perennial","forb","C3",NA,"","0.2833","0.0606",NA
"112","TB",1,"HG","Cirsium_undulatum","CIUN","5/25/22","Early",10.1,2,17,1,95,"perennial","forb","C3",0.062,"0.3161","0.6188","0.0321",NA
"113","TB",2,"LG","Cirsium_undulatum","CIUN","5/26/22","Early",4.6,2,8,0,85,"perennial","forb","C3",0.061,"0.2588","0.4148","0.0416",4.3
"114","TB",2,"MG","Cirsium_undulatum","CIUN","5/26/22","Early",NA,NA,NA,NA,NA,"perennial","forb","C3",NA,"",NA,NA,NA
"115","TB",2,"HG","Cirsium_undulatum","CIUN","5/26/22","Early",NA,NA,NA,NA,NA,"perennial","forb","C3",NA,"",NA,NA,NA
"116","TB",3,"LG","Cirsium_undulatum","CIUN","5/26/22","Early",9.6,7,13,0,99,"perennial","forb","C3",0.046,"0.458","1.4296","0.0719",NA
"117","TB",3,"MG","Cirsium_undulatum","CIUN","5/26/22","Early",11.5,3,5,0,98,"perennial","forb","C3",0.091,"0.8996","0.7707","0.1331",NA
"118","TB",3,"HG","Cirsium_undulatum","CIUN","5/26/22","Early",9.8,4,11,0,85,"perennial","forb","C3",0.079,"1.1777","1.8812","0.2016",NA
"119","TB",1,"LG","Collomia_linearis","COLI","5/24/22","Early",4.9,7,18,0,98,"annual","forb","C3",0.034,"0.0048","0.0189","0.0013",0.198
"120","TB",1,"MG","Collomia_linearis","COLI","5/25/22","Early",4.2,5,19,0,100,"annual","forb","C3",0.037,"0.0037","0.0122","0.0005",0.151
"121","TB",1,"HG","Collomia_linearis","COLI","5/25/22","Early",3.4,17,20,0,90,"annual","forb","C3",0.039,"0.0051","0.0251","0.0009",0.207
"122","TB",2,"LG","Collomia_linearis","COLI","5/26/22","Early",4.3,10,18,0,100,"annual","forb","C3",0.035,"0.006","0.0229","0.0013",0.24
"123","TB",2,"MG","Collomia_linearis","COLI","5/26/22","Early",7.7,13,13,0,80,"annual","forb","C3",0.039,"0.0223","0.0246","0.0033",0.557
"124","TB",2,"HG","Collomia_linearis","COLI","5/26/22","Early",3.3,2,14,0,100,"annual","forb","C3",0.053,"0.0029","0.009","0.0005",0.176
"125","TB",3,"LG","Collomia_linearis","COLI","5/26/22","Early",8.7,8,6,0,85,"annual","forb","C3",0.038,"0.0068","0.0327","0.0017",0.351
"126","TB",3,"MG","Collomia_linearis","COLI","5/26/22","Early",NA,NA,NA,NA,NA,"annual","forb","C3",NA,"",NA,NA,NA
"127","TB",3,"HG","Collomia_linearis","COLI","5/26/22","Early",NA,NA,NA,NA,NA,"annual","forb","C3",NA,"0.0022",NA,NA,NA
"128","TB",1,"LG","Descurainia_pinnata","DEPI","5/24/22","Early",5.5,0,8,0,97,"perennial","forb","C3",0.025,"0.0016","0.0139","1e-05",0.095
"129","TB",1,"MG","Descurainia_pinnata","DEPI","5/25/22","Early",4.7,2,6,0,98,"perennial","forb","C3",0.034,"0.0019","0.0074","1e-05",0.094
"130","TB",1,"HG","Descurainia_pinnata","DEPI","5/25/22","Early",5.8,0,9,0,100,"perennial","forb","C3",0.041,"0.0177","0.0666","0.0033",0.588
"131","TB",2,"LG","Descurainia_pinnata","DEPI","5/26/22","Early",2.1,1,4,0,99,"perennial","forb","C3",0.066,"0.0013","0.0024","1e-05",0.06
"132","TB",2,"MG","Descurainia_pinnata","DEPI","5/26/22","Early",12.7,0,8,1,97,"perennial","forb","C3",0.045,"0.0135","0.1041","0.002",0.626
"133","TB",2,"HG","Descurainia_pinnata","DEPI","5/26/22","Early",2.2,1,5,0,100,"perennial","forb","C3",0.03,"<0.0001","0.0015","1e-05",0.039
"134","TB",3,"LG","Descurainia_pinnata","DEPI","5/26/22","Early",8.4,1,6,0,97,"perennial","forb","C3",0.049,"0.0038","0.0209","0.0012",0.202
"135","TB",3,"MG","Descurainia_pinnata","DEPI","5/26/22","Early",4.4,1,7,0,98,"perennial","forb","C3",0.057,"0.0027","0.0193","0.0009",0.158
"136","TB",3,"HG","Descurainia_pinnata","DEPI","5/26/22","Early",6.3,2,7,0,95,"perennial","forb","C3",0.041,"0.0022","0.0142","1e-05",0.109
"137","TB",1,"LG","Draba_reptans","DRRE","5/24/22","Early",0.9,3,7,0,100,"annual","forb","C3",0.06,"0.0055","0.0054","0.0004",0.119
"138","TB",1,"MG","Draba_reptans","DRRE","5/25/22","Early",2.6,4,6,0,97,"annual","forb","C3",0.045,"0.0058","0.0298","0.0009",0.28
"139","TB",1,"HG","Draba_reptans","DRRE","5/25/22","Early",3.4,0,6,0,100,"annual","forb","C3",0.045,"0.0041","0.0168","0.0003",0.134
"140","TB",2,"LG","Draba_reptans","DRRE","5/26/22","Early",1.8,9,15,0,95,"annual","forb","C3",0.062,"0.012","0.1255","0.0019",0.274
"141","TB",2,"MG","Draba_reptans","DRRE","5/26/22","Early",4.3,0,4,3,97,"annual","forb","C3",0.041,"0.0023","0.0145","1e-05",0.182
"142","TB",2,"HG","Draba_reptans","DRRE","5/26/22","Early",1.5,3,19,0,99,"annual","forb","C3",0.073,"0.013","0.0697","0.0019",0.362
"143","TB",3,"LG","Draba_reptans","DRRE","5/26/22","Early",0.7,0,9,0,98,"annual","forb","C3",0.062,"0.002","0.0086","1e-05",0.076
"144","TB",3,"MG","Draba_reptans","DRRE","5/26/22","Early",2.8,4,9,0,100,"annual","forb","C3",0.062,"0.0092","0.0148","0.0008",0.312
"145","TB",3,"HG","Draba_reptans","DRRE","5/26/22","Early",0.8,0,12,0,100,"annual","forb","C3",0.045,"0.002","0.0113","0.0001",0.069
"146","TB",1,"LG","Elymus_elymoides","ELEL","5/24/22","Early",NA,NA,NA,NA,NA,"","","",NA,"",NA,NA,NA
"147","TB",1,"MG","Elymus_elymoides","ELEL","5/25/22","Early",NA,NA,NA,NA,NA,"","","",NA,"",NA,NA,NA
"148","TB",1,"HG","Elymus_elymoides","ELEL","5/25/22","Early",NA,NA,NA,NA,NA,"","","",NA,"",NA,NA,NA
"149","TB",2,"LG","Elymus_elymoides","ELEL","5/26/22","Early",NA,NA,NA,NA,NA,"","","",NA,"",NA,NA,NA
"150","TB",2,"MG","Elymus_elymoides","ELEL","5/26/22","Early",NA,NA,NA,NA,NA,"","","",NA,"",NA,NA,NA
"151","TB",2,"HG","Elymus_elymoides","ELEL","5/26/22","Early",11.9,1,2,0,99,"","","",NA,"",NA,NA,NA
"152","TB",3,"LG","Elymus_elymoides","ELEL","5/26/22","Early",NA,NA,NA,NA,NA,"","","",NA,"",NA,NA,NA
"153","TB",3,"MG","Elymus_elymoides","ELEL","5/26/22","Early",NA,NA,NA,NA,NA,"","","",NA,"",NA,NA,NA
"154","TB",3,"HG","Elymus_elymoides","ELEL","5/26/22","Early",NA,NA,NA,NA,NA,"","","",NA,"",NA,NA,NA
"155","TB",1,"LG","Erigeron_canus","ERCA","5/24/22","Early",7.6,6,16,0,98,"perennial","forb","C3",0.039,"0.0195","0.1448","0.0043",0.506
"156","TB",1,"MG","Erigeron_canus","ERCA","5/25/22","Early",7.4,5,14,1,97,"perennial","forb","C3",0.034,"0.0211","0.1464","0.0057",0.422
"157","TB",1,"HG","Erigeron_canus","ERCA","5/25/22","Early",7.8,4,15,0,98,"perennial","forb","C3",0.039,"0.0193","0.102","0.0046",0.379
"158","TB",2,"LG","Erigeron_canus","ERCA","5/26/22","Early",5.6,4,12,0,95,"perennial","forb","C3",0.03,"0.0164","0.0623","0.0032",0.44
"159","TB",2,"MG","Erigeron_canus","ERCA","5/26/22","Early",7.1,2,26,0,98,"perennial","forb","C3",0.04,"0.0055","0.2405","0.0014",0.193
"160","TB",2,"HG","Erigeron_canus","ERCA","5/26/22","Early",7.5,0,46,0,95,"perennial","forb","C3",0.054,"0.0493","0.4322","0.0117",1.212
"161","TB",3,"LG","Erigeron_canus","ERCA","5/26/22","Early",10,3,60,0,97,"perennial","forb","C3",0.044,"0.0172","0.8078","0.0043",0.523
"162","TB",3,"MG","Erigeron_canus","ERCA","5/26/22","Early",10.3,2,41,1,95,"perennial","forb","C3",0.04,"0.0211","0.4765","0.0049",0.692
"163","TB",3,"HG","Erigeron_canus","ERCA","5/26/22","Early",6.7,0,51,0,90,"perennial","forb","C3",0.036,"0.0157","0.7665","0.0027",0.542
"164","TB",1,"LG","Eremogone_hookeri","ERHO","5/24/22","Early",1.8,3,12,0,90,"perennial","forb","C3",0.045,"0.0015","0.0057","0.0003",0.063
"165","TB",1,"MG","Eremogone_hookeri","ERHO","5/25/22","Early",2.2,8,24,5,95,"perennial","forb","C3",0.041,"0.0017","0.0117","0.0006",0.07
"166","TB",1,"HG","Eremogone_hookeri","ERHO","5/25/22","Early",1.1,1,13,5,95,"perennial","forb","C3",0.046,"0.0028","0.0095","0.006",0.099
"167","TB",2,"LG","Eremogone_hookeri","ERHO","5/26/22","Early",2.9,8,17.2,0,95,"perennial","forb","C3",0.031,"0.001","0.1044","1e-05",0.021
"168","TB",2,"MG","Eremogone_hookeri","ERHO","5/26/22","Early",2.1,2,6,0,100,"perennial","forb","C3",0.043,"0.0018","0.0031","0.0007",0.068
"169","TB",2,"HG","Eremogone_hookeri","ERHO","5/26/22","Early",2.8,10,59,0,95,"perennial","forb","C3",0.048,"0.002","0.0527","0.0007",0.096
"170","TB",3,"LG","Eremogone_hookeri","ERHO","5/26/22","Early",3.9,5,21,4,90,"perennial","forb","C3",0.052,"0.0038","0.0179","0.0011",0.161
"171","TB",3,"MG","Eremogone_hookeri","ERHO","5/26/22","Early",1.7,5,23,0,95,"perennial","forb","C3",0.052,"0.0037","0.0186","0.0009",0.122
"172","TB",3,"HG","Eremogone_hookeri","ERHO","5/26/22","Early",2.5,5,17,0,100,"perennial","forb","C3",0.047,"0.0039","0.0193","0.0008",0.176
"173","TB",1,"LG","Erigeron_pumilus","ERPU","5/24/22","Early",5.9,1,13,0,100,"perennial","forb","C3",0.053,"0.0094","0.0766","0.002",0.279
"174","TB",1,"MG","Erigeron_pumilus","ERPU","5/25/22","Early",4.5,5,7,0,100,"perennial","forb","C3",0.034,"0.0108","0.0359","0.0021",0.306
"175","TB",1,"HG","Erigeron_pumilus","ERPU","5/25/22","Early",7.1,1,17,0,100,"perennial","forb","C3",0.036,"0.0183","0.0583","0.0032",0.513
"176","TB",2,"LG","Erigeron_pumilus","ERPU","5/26/22","Early",4.8,23,63,0,97,"perennial","forb","C3",0.045,"0.0204","0.2792","0.0047",0.688
"177","TB",2,"MG","Erigeron_pumilus","ERPU","5/26/22","Early",8.5,3,30,0,98,"perennial","forb","C3",0.029,"0.0084","0.2358","0.0023",0.403
"178","TB",2,"HG","Erigeron_pumilus","ERPU","5/26/22","Early",7.6,1,13,0,100,"perennial","forb","C3",0.038,"0.0153","0.0325","0.0034",0.521
"179","TB",3,"LG","Erigeron_pumilus","ERPU","5/26/22","Early",6.2,2,44,0,97,"perennial","forb","C3",0.044,"0.0059","0.2558","0.0013",0.256
"180","TB",3,"MG","Erigeron_pumilus","ERPU","5/26/22","Early",6.7,22,139,7,98,"perennial","forb","C3",0.045,"0.0132","0.9682","0.0034",0.475
"181","TB",3,"HG","Erigeron_pumilus","ERPU","5/26/22","Early",5.1,5,48,0,98,"perennial","forb","C3",0.046,"0.0139","0.1151","0.002",0.568
"182","TB",1,"LG","Gutierrezia_sarothrae","GUSA","6/28/22","Late",15,2,15,0,95,"perennial","forb","C3",0.041,"0.0053","0.051","0.0018",NA
"183","TB",1,"MG","Gutierrezia_sarothrae","GUSA","6/28/22","Late",20.2,15,36,1,80,"perennial","forb","C3",0.038,"0.0062","0.095","0.0016",NA
"184","TB",1,"HG","Gutierrezia_sarothrae","GUSA","6/28/22","Late",11.1,8,23,2,99,"perennial","forb","C3",0.048,"0.0079","0.125","0.0019",NA
"185","TB",2,"LG","Gutierrezia_sarothrae","GUSA","6/29/22","Late",10.7,4,25,1,90,"perennial","forb","C3",0.041,"0.0061","0.1258","0.0018",NA
"186","TB",2,"MG","Gutierrezia_sarothrae","GUSA","6/29/22","Late",11.4,8,23,2,99,"perennial","forb","C3",0.044,"0.006","0.0908","0.0013",NA
"187","TB",2,"HG","Gutierrezia_sarothrae","GUSA","6/29/22","Late",11.3,2,22,0,95,"perennial","forb","C3",0.044,"0.0072","0.0638","0.0016",NA
"188","TB",3,"LG","Gutierrezia_sarothrae","GUSA","6/29/22","Late",13.4,2,18,9,95,"perennial","forb","C3",0.04,"0.0088","0.0963","0.0013",NA
"189","TB",3,"MG","Gutierrezia_sarothrae","GUSA","6/29/22","Late",18.1,4,22,1,97,"perennial","forb","C3",0.047,"0.0058","0.0591","0.0002",NA
"190","TB",3,"HG","Gutierrezia_sarothrae","GUSA","6/29/22","Late",10.2,9,31,4,95,"perennial","forb","C3",NA,"","0.1602","0.0011",NA
"191","TB",1,"LG","Hesperostipa_comata","HECO","5/24/22","Early",11.1,1,1,0,97,"perennial","graminoid","C3",0.032,"0.008","0.0057","0.0035",0.302
"192","TB",1,"MG","Hesperostipa_comata","HECO","5/25/22","Early",13,1,1,0,97,"perennial","graminoid","C3",0.037,"0.0382","0.0091","0.018",1.1
"193","TB",1,"HG","Hesperostipa_comata","HECO","5/25/22","Early",21.4,1,3,0,80,"perennial","graminoid","C3",0.02,"0.0123","0.0194","0.0044",0.604
"194","TB",2,"LG","Hesperostipa_comata","HECO","5/26/22","Early",19.8,1,1,1,90,"perennial","graminoid","C3",0.026,"0.0201","0.0356","0.0072",0.732
"195","TB",2,"MG","Hesperostipa_comata","HECO","5/26/22","Early",16.2,1,2,0,99,"perennial","graminoid","C3",0.036,"0.0499","0.0344","0.0193",2.471
"196","TB",2,"HG","Hesperostipa_comata","HECO","5/26/22","Early",18.8,1,3,0,98,"perennial","graminoid","C3",0.036,"0.0253","0.0577","0.0089",1.422
"197","TB",3,"LG","Hesperostipa_comata","HECO","5/26/22","Early",10.1,0,4,0,95,"perennial","graminoid","C3",0.031,"0.0253","0.0171","0.0063",1.243
"198","TB",3,"MG","Hesperostipa_comata","HECO","5/26/22","Early",21.1,0,2,0,98,"perennial","graminoid","C3",0.044,"0.0364","0.0158","0.0148",1.136
"199","TB",3,"HG","Hesperostipa_comata","HECO","5/26/22","Early",7.6,0,3,0,85,"perennial","graminoid","C3",0.028,"0.0172","0.0102","0.0044",1.046
"200","TB",1,"LG","Hedeoma_hispida","HEHI","5/24/22","Early",5.2,8,33,2,95,"annual","forb","C3",0.055,"0.002",NA,NA,0.077
"201","TB",1,"MG","Hedeoma_hispida","HEHI","5/25/22","Early",10.1,4,18,0,98,"annual","forb","C3",0.037,"0.0093",NA,NA,0.347
"202","TB",1,"HG","Hedeoma_hispida","HEHI","5/25/22","Early",3.7,4,9,2,95,"annual","forb","C3",0.036,"0.0036",NA,NA,0.112
"203","TB",2,"LG","Hedeoma_hispida","HEHI","5/26/22","Early",4.4,10,34,3,97,"annual","forb","C3",0.034,"0.0036",NA,NA,0.124
"204","TB",2,"MG","Hedeoma_hispida","HEHI","5/26/22","Early",2.3,4,10,0,100,"annual","forb","C3",0.057,"0.0053",NA,NA,0.161
"205","TB",2,"HG","Hedeoma_hispida","HEHI","5/26/22","Early",4.5,5,24,0,95,"annual","forb","C3",0.056,"0.0116",NA,NA,0.388
"206","TB",3,"LG","Hedeoma_hispida","HEHI","5/26/22","Early",5.1,3,16,0,97,"annual","forb","C3",0.043,"0.0057",NA,NA,0.195
"207","TB",3,"MG","Hedeoma_hispida","HEHI","5/26/22","Early",4.2,8,19,2,95,"annual","forb","C3",0.049,"0.0123",NA,NA,0.417
"208","TB",3,"HG","Hedeoma_hispida","HEHI","5/26/22","Early",3.1,6,12,0,95,"annual","forb","C3",0.043,"0.0034",NA,NA,0.125
"209","TB",1,"LG","Koeleria_macrantha","KOMA","5/25/22","Early",12.5,1,1,0,100,"perennial","graminoid","C3",0.036,"0.0165","0.0059","0.0053",0.584
"210","TB",1,"MG","Koeleria_macrantha","KOMA","5/25/22","Early",7.8,1,2,0,100,"perennial","graminoid","C3",0.031,"0.0258","0.0128","0.0098",1.005
"211","TB",1,"HG","Koeleria_macrantha","KOMA","5/25/22","Early",17.4,1,2,0,45,"perennial","graminoid","C3",0.032,"0.0245","0.0137","0.0079",1.049
"212","TB",2,"LG","Koeleria_macrantha","KOMA","5/26/22","Early",5.5,1,2,0,70,"perennial","graminoid","C3",0.04,"0.016","0.0118","0.0061",0.697
"213","TB",2,"MG","Koeleria_macrantha","KOMA","5/26/22","Early",18.1,1,2,2,70,"perennial","graminoid","C3",0.04,"0.0361","0.0228","0.0103",1.64
"214","TB",2,"HG","Koeleria_macrantha","KOMA","5/26/22","Early",6.3,1,1,0,99,"perennial","graminoid","C3",0.038,"0.0251","0.0063","0.008",1.08
"215","TB",3,"LG","Koeleria_macrantha","KOMA","5/26/22","Early",9.4,1,3,0,99,"perennial","graminoid","C3",0.035,"0.009","0.0073","0.0032",0.44
"216","TB",3,"MG","Koeleria_macrantha","KOMA","5/26/22","Early",5.7,1,2,0,98,"perennial","graminoid","C3",0.038,"0.0102","0.0056","0.0033",0.605
"217","TB",3,"HG","Koeleria_macrantha","KOMA","5/26/22","Early",6,1,2,1,75,"perennial","graminoid","C3",0.029,"0.0175","0.0127","0.0049",1.008
"218","TB",1,"LG","Lepidium_densiflorum","LEDE","5/25/22","Early",10.3,8,13,0,99,"annual","forb","C3",0.039,"0.0011","0.0485","1e-05",0.063
"219","TB",1,"MG","Lepidium_densiflorum","LEDE","5/25/22","Early",5.1,0,10,0,95,"annual","forb","C3",0.037,"0.0024","0.0109","0.0003",0.088
"220","TB",1,"HG","Lepidium_densiflorum","LEDE","5/25/22","Early",13.7,9,25,0,100,"annual","forb","C3",0.032,"0.004","0.0744","0.0006",0.182
"221","TB",2,"LG","Lepidium_densiflorum","LEDE","5/26/22","Early",14.1,4,31,0,98,"annual","forb","C3",0.032,"0.0066","0.1338","0.0014",0.289
"222","TB",2,"MG","Lepidium_densiflorum","LEDE","5/26/22","Early",6,4,14,0,98,"annual","forb","C3",0.049,"0.0104","0.0252","0.0015",0.263
"223","TB",2,"HG","Lepidium_densiflorum","LEDE","5/26/22","Early",1.8,0,8,0,95,"annual","forb","C3",0.03,"0.0007","0.0075","1e-05",0.046
"224","TB",3,"LG","Lepidium_densiflorum","LEDE","5/26/22","Early",NA,NA,NA,NA,NA,"annual","forb","C3",NA,"",NA,NA,NA
"225","TB",3,"MG","Lepidium_densiflorum","LEDE","5/26/22","Early",NA,NA,NA,NA,NA,"annual","forb","C3",NA,"",NA,NA,NA
"226","TB",3,"HG","Lepidium_densiflorum","LEDE","5/26/22","Early",NA,NA,NA,NA,NA,"annual","forb","C3",NA,"",NA,NA,NA
"227","TB",1,"LG","Lithospermum_incisum","LIIN","5/25/22","Early",4.3,25,18,2,95,"perennial","forb","C3",0.063,"0.0225","0.1334","0.0027",0.633
"228","TB",1,"MG","Lithospermum_incisum","LIIN","5/25/22","Early",7.2,16,36,0,80,"perennial","forb","C3",0.045,"0.0181","0.2066","0.0029",0.62
"229","TB",1,"HG","Lithospermum_incisum","LIIN","5/25/22","Early",7.1,3,42,0,90,"perennial","forb","C3",0.042,"0.0241","0.3021","0.0044",0.678
"230","TB",2,"LG","Lithospermum_incisum","LIIN","5/26/22","Early",5.5,9,20,0,90,"perennial","forb","C3",0.062,"0.0222","0.1105","0.0046",0.619
"231","TB",2,"MG","Lithospermum_incisum","LIIN","5/26/22","Early",3,2,3,2,75,"perennial","forb","C3",0.045,"0.0022","0.0043","0.0001",0.137
"232","TB",2,"HG","Lithospermum_incisum","LIIN","5/26/22","Early",6.8,2,12,0,98,"perennial","forb","C3",0.025,"0.0101","0.0409","0.0019",0.346
"233","TB",3,"LG","Lithospermum_incisum","LIIN","5/26/22","Early",9.9,3,23,0,85,"perennial","forb","C3",0.03,"0.0124","0.0713","0.0025",0.497
"234","TB",3,"MG","Lithospermum_incisum","LIIN","5/26/22","Early",NA,NA,NA,NA,NA,"perennial","forb","C3",NA,"",NA,NA,NA
"235","TB",3,"HG","Lithospermum_incisum","LIIN","5/26/22","Early",NA,NA,NA,NA,NA,"perennial","forb","C3",NA,"",NA,NA,NA
"236","TB",1,"LG","Logfia_arvensis","LOAR","5/25/22","Early",3.9,2,30,7,95,"annual","forb","C3",0.03,"0.0015","0.0149","1e-05",0.114
"237","TB",1,"MG","Logfia_arvensis","LOAR","5/25/22","Early",7.9,5,38,2,97,"annual","forb","C3",0.035,"0.0441","0.042","1e-05",0.276
"238","TB",1,"HG","Logfia_arvensis","LOAR","5/25/22","Early",5.3,6,28,3,97,"annual","forb","C3",0.037,"0.0049","0.0297","0.0007",0.325
"239","TB",2,"LG","Logfia_arvensis","LOAR","5/26/22","Early",3,7,24,0,95,"annual","forb","C3",0.04,"0.0056","0.0261","0.001",0.327
"240","TB",2,"MG","Logfia_arvensis","LOAR","5/26/22","Early",6.9,6,53,0,99,"annual","forb","C3",0.053,"0.0069","0.0884","0.0005",0.382
"241","TB",2,"HG","Logfia_arvensis","LOAR","5/26/22","Early",3.1,3,13,0,100,"annual","forb","C3",0.03,"0.006","0.0229","0.0012",0.311
"242","TB",3,"LG","Logfia_arvensis","LOAR","5/26/22","Early",2.3,0,21,0,99,"annual","forb","C3",0.033,"0.0009","0.0051","1e-05",0.064
"243","TB",3,"MG","Logfia_arvensis","LOAR","5/26/22","Early",5.7,0,32,0,100,"annual","forb","C3",0.045,"0.0041","0.0355","0.0005",0.287
"244","TB",3,"HG","Logfia_arvensis","LOAR","5/26/22","Early",13.8,1,48,0,99,"annual","forb","C3",0.033,"0.0036","0.1096","0.0016",0.236
"245","TB",1,"LG","Lomatium_foeniculaceum","LOFO","5/25/22","Early",1.9,1,4,0,99,"perennial","forb","C3",0.061,"0.0229","0.0158","0.0057",0.639
"246","TB",1,"MG","Lomatium_foeniculaceum","LOFO","5/25/22","Early",5.6,5,7,0,97,"perennial","forb","C3",0.036,"0.0053","0.38","0.0015",0.274
"247","TB",1,"HG","Lomatium_foeniculaceum","LOFO","5/25/22","Early",5.8,13,0,0,100,"perennial","forb","C3",0.032,"0.0116","0.0555","0.0016",0.439
"248","TB",2,"LG","Lomatium_foeniculaceum","LOFO","5/26/22","Early",2.6,1,4,0,97,"perennial","forb","C3",0.067,"0.0267","0.1123","0.0063",0.68
"249","TB",2,"MG","Lomatium_foeniculaceum","LOFO","5/26/22","Early",3.3,10,7,3,97,"perennial","forb","C3",0.047,"0.0752","0.2293","0.0164",2.493
"250","TB",2,"HG","Lomatium_foeniculaceum","LOFO","5/26/22","Early",2.3,0,6,0,98,"perennial","forb","C3",0.057,"0.025","0.0682",NA,0.838
"251","TB",3,"LG","Lomatium_foeniculaceum","LOFO","5/26/22","Early",4.4,0,5,0,100,"perennial","forb","C3",0.05,"0.035","0.0354","0.0085",1.48
"252","TB",3,"MG","Lomatium_foeniculaceum","LOFO","5/26/22","Early",6.2,0,58,0,98,"perennial","forb","C3",0.042,"0.1402","0.0734","0.03",4.275
"253","TB",3,"HG","Lomatium_foeniculaceum","LOFO","5/26/22","Early",4.8,0,47,0,99,"perennial","forb","C3",0.032,"0.051","0.252","0.0094",1.939
"254","TB",1,"LG","Musineon_divaricatum","MUDI","5/25/22","Early",6.8,0,7,0,100,"perennial","forb","C3",0.063,"0.0278","0.0499","0.0043",0.686
"255","TB",1,"MG","Musineon_divaricatum","MUDI","5/25/22","Early",1.5,0,7,0,100,"perennial","forb","C3",0.057,"0.0192","0.0363","0.0045",0.506
"256","TB",1,"HG","Musineon_divaricatum","MUDI","5/25/22","Early",2.7,0,7,0,85,"perennial","forb","C3",0.037,"0.0272","0.0466","0.0045",0.831
"257","TB",2,"LG","Musineon_divaricatum","MUDI","5/26/22","Early",5.2,0,2,0,100,"perennial","forb","C3",0.039,"0.0213","0.043",NA,0.62
"258","TB",2,"MG","Musineon_divaricatum","MUDI","5/26/22","Early",2,0,14,0,99,"perennial","forb","C3",0.045,"0.0312","0.0612","0.0054",0.833
"259","TB",2,"HG","Musineon_divaricatum","MUDI","5/26/22","Early",5.2,2,13,0,97,"perennial","forb","C3",0.03,"0.0414","0.2874","0.0088",1.687
"260","TB",2,"HG","Musineon_divaricatum","MUDI","5/26/22","Early",5.2,2,13,0,97,"perennial","forb","C3",0.03,"0.0414","0.2874","0.0084",1.687
"261","TB",2,"HG","Musineon_divaricatum","MUDI","5/26/22","Early",5.2,2,13,0,97,"perennial","forb","C3",0.03,"0.0414","0.2869","0.0088",1.687
"262","TB",2,"HG","Musineon_divaricatum","MUDI","5/26/22","Early",5.2,2,13,0,97,"perennial","forb","C3",0.03,"0.0414","0.2869","0.0084",1.687
"263","TB",3,"LG","Musineon_divaricatum","MUDI","5/26/22","Early",7.3,1,14,0,100,"perennial","forb","C3",NA,"",NA,NA,NA
"264","TB",3,"MG","Musineon_divaricatum","MUDI","5/26/22","Early",9.6,0,53,0,99,"perennial","forb","C3",0.035,"0.1033","0.5978","0.0227",3.99
"265","TB",3,"HG","Musineon_divaricatum","MUDI","5/26/22","Early",5.9,1,75,0,98,"perennial","forb","C3",0.023,"0.0379","0.3398","0.0079",1.68
"266","TB",1,"LG","Nassella_viridula","NAVI","5/25/22","Early",24,1,2,0,70,"perennial","graminoid","C3",0.039,"0.0651","0.0393","0.0214",2.536
"267","TB",1,"MG","Nassella_viridula","NAVI","5/25/22","Early",29.2,1,2,0,85,"perennial","graminoid","C3",0.025,"0.0715","0.0373","0.026",3
"268","TB",1,"HG","Nassella_viridula","NAVI","5/25/22","Early",28.1,1,3,0,60,"perennial","graminoid","C3",0.021,"0.0711","0.1435","0.0266",3.014
"269","TB",2,"LG","Nassella_viridula","NAVI","5/26/22","Early",22,1,3,0,85,"perennial","graminoid","C3",0.023,"0.087","0.0497","0.0319",3.669
"270","TB",2,"MG","Nassella_viridula","NAVI","5/26/22","Early",23.1,1,3,1,80,"perennial","graminoid","C3",0.022,"0.062","0.1259","0.0206",NA
"271","TB",2,"HG","Nassella_viridula","NAVI","5/26/22","Early",19.6,1,2,0,85,"perennial","graminoid","C3",0.025,"0.0395","0.0266","0.0142",2.374
"272","TB",2,"HG","Nassella_viridula","NAVI","5/26/22","Early",19.6,1,2,0,85,"perennial","graminoid","C3",0.025,"0.0395","0.0266","0.0136",2.374
"273","TB",2,"HG","Nassella_viridula","NAVI","5/26/22","Early",19.6,1,2,0,85,"perennial","graminoid","C3",0.025,"0.0395","0.0272","0.0142",2.374
"274","TB",2,"HG","Nassella_viridula","NAVI","5/26/22","Early",19.6,1,2,0,85,"perennial","graminoid","C3",0.025,"0.0395","0.0272","0.0136",2.374
"275","TB",3,"LG","Nassella_viridula","NAVI","5/26/22","Early",28.7,1,2,0,80,"perennial","graminoid","C3",0.024,"0.0945","0.0652","0.0359",5.666
"276","TB",3,"MG","Nassella_viridula","NAVI","5/26/22","Early",20.5,1,2,0,65,"perennial","graminoid","C3",0.025,"0.0705","0.0429","0.03",4.695
"277","TB",3,"HG","Nassella_viridula","NAVI","5/26/22","Early",21.4,1,1,1,60,"perennial","graminoid","C3",0.022,"0.0745","0.0399","0.0215",3.51
"278","TB",1,"LG","Nothocalais_cuspidate","NOCU","5/25/22","Early",9.1,0,21,3,87,"perennial","forb","C3",0.054,"0.1993","0.7885","0.0322",5.598
"279","TB",1,"MG","Nothocalais_cuspidate","NOCU","5/25/22","Early",8.1,1,18,1,85,"perennial","forb","C3",0.054,"0.4226","0.681","0.0608",9.054
"280","TB",1,"HG","Nothocalais_cuspidate","NOCU","5/25/22","Early",11,3,10,0,90,"perennial","forb","C3",0.038,"0.3936","0.6153","0.0653",9.739
"281","TB",2,"LG","Nothocalais_cuspidate","NOCU","5/26/22","Early",13.4,14,12,0,80,"perennial","forb","C3",0.045,"0.2382","0.452","0.0341",6.327
"282","TB",2,"MG","Nothocalais_cuspidate","NOCU","5/26/22","Early",7.4,0,8,0,98,"perennial","forb","C3",0.069,"0.3407","0.1994","0.0495",7.87
"283","TB",2,"HG","Nothocalais_cuspidate","NOCU","5/26/22","Early",6.5,0,8,0,80,"perennial","forb","C3",0.076,"0.1885","0.1769","0.0255",4.776
"284","TB",2,"HG","Nothocalais_cuspidate","NOCU","5/26/22","Early",6.5,0,8,0,80,"perennial","forb","C3",0.076,"0.1885","0.1769","0.0245",4.776
"285","TB",2,"HG","Nothocalais_cuspidate","NOCU","5/26/22","Early",6.5,0,8,0,80,"perennial","forb","C3",0.076,"0.1885","0.1742","0.0255",4.776
"286","TB",2,"HG","Nothocalais_cuspidate","NOCU","5/26/22","Early",6.5,0,8,0,80,"perennial","forb","C3",0.076,"0.1885","0.1742","0.0245",4.776
"287","TB",3,"LG","Nothocalais_cuspidate","NOCU","5/26/22","Early",NA,NA,NA,NA,NA,"perennial","forb","C3",NA,"",NA,NA,NA
"288","TB",3,"MG","Nothocalais_cuspidate","NOCU","5/26/22","Early",NA,NA,NA,NA,NA,"perennial","forb","C3",NA,"",NA,NA,NA
"289","TB",3,"HG","Nothocalais_cuspidate","NOCU","5/26/22","Early",10.8,0,5,0,98,"perennial","forb","C3",0.037,"0.2784","0.2694","0.0421",11.75
"290","TB",1,"LG","Oenothera_suffrtescuns","OESU","5/25/22","Early",5.5,15,27,0,100,"perennial","forb","C3",0.038,"0.0076","0.0892","0.0033",0.293
"291","TB",1,"MG","Oenothera_suffrtescuns","OESU","5/25/22","Early",6,3,41,0,100,"perennial","forb","C3",0.028,"0.0068","0.1051","0.0018",0.308
"292","TB",1,"HG","Oenothera_suffrtescuns","OESU","5/25/22","Early",5.6,10,28,2,95,"perennial","forb","C3",0.034,"0.0086","0.0502","0.003",0.341
"293","TB",2,"LG","Oenothera_suffrtescuns","OESU","5/26/22","Early",5.6,3,20,0,95,"perennial","forb","C3",0.04,"0.0044","0.0386","0.0008",0.188
"294","TB",2,"MG","Oenothera_suffrtescuns","OESU","5/26/22","Early",7.8,8,19,0,98,"perennial","forb","C3",0.026,"0.0108","0.0832","0.0026",0.426
"295","TB",2,"HG","Oenothera_suffrtescuns","OESU","5/26/22","Early",6.5,0,33,0,98,"perennial","forb","C3",0.039,"0.0082","0.0972","0.0023",0.375
"296","TB",3,"LG","Oenothera_suffrtescuns","OESU","5/26/22","Early",NA,NA,NA,NA,NA,"perennial","forb","C3",NA,"",NA,NA,NA
"297","TB",3,"MG","Oenothera_suffrtescuns","OESU","5/26/22","Early",NA,NA,NA,NA,NA,"perennial","forb","C3",NA,"",NA,NA,NA
"298","TB",3,"HG","Oenothera_suffrtescuns","OESU","5/26/22","Early",NA,NA,NA,NA,NA,"perennial","forb","C3",NA,"",NA,NA,NA
"299","TB",1,"LG","Oonipsis_multicaulis","OOMU","5/25/22","Early",NA,NA,NA,NA,NA,"","","",NA,"",NA,NA,NA
"300","TB",1,"MG","Oonipsis_multicaulis","OOMU","5/25/22","Early",NA,NA,NA,NA,NA,"","","",NA,"",NA,NA,NA
"301","TB",1,"HG","Oonipsis_multicaulis","OOMU","5/25/22","Early",NA,NA,NA,NA,NA,"","","",NA,"",NA,NA,NA
"302","TB",2,"LG","Oonipsis_multicaulis","OOMU","5/26/22","Early",NA,NA,NA,NA,NA,"","","",NA,"",NA,NA,NA
"303","TB",2,"MG","Oonipsis_multicaulis","OOMU","5/26/22","Early",NA,NA,NA,NA,NA,"","","",NA,"",NA,NA,NA
"304","TB",2,"HG","Oonipsis_multicaulis","OOMU","5/26/22","Early",NA,NA,NA,NA,NA,"","","",NA,"",NA,NA,NA
"305","TB",3,"LG","Oonipsis_multicaulis","OOMU","5/26/22","Early",NA,NA,NA,NA,NA,"","","",NA,"",NA,NA,NA
"306","TB",3,"MG","Oonipsis_multicaulis","OOMU","5/26/22","Early",NA,NA,NA,NA,NA,"","","",NA,"",NA,NA,NA
"307","TB",3,"HG","Oonipsis_multicaulis","OOMU","5/26/22","Early",NA,NA,NA,NA,NA,"","","",NA,"",NA,NA,NA
"308","TB",1,"LG","Pascopyrum_smithii","PASM","5/25/22","Early",17.4,1,2,2,55,"perennial","graminoid","C3",0.037,"0.0628","0.0264","0.0216",2.126
"309","TB",1,"MG","Pascopyrum_smithii","PASM","5/25/22","Early",15.9,1,2,2,85,"perennial","graminoid","C3",0.035,"0.0701","0.0433","0.0248",2.135
"310","TB",1,"HG","Pascopyrum_smithii","PASM","5/25/22","Early",14.3,1,2,0,98,"perennial","graminoid","C3",0.033,"0.0364","0.0233","0.0108",1.261
"311","TB",2,"LG","Pascopyrum_smithii","PASM","5/26/22","Early",14.6,1,3,0,95,"perennial","graminoid","C3",0.036,"0.848","0.0696","0.0317",2.922
"312","TB",2,"MG","Pascopyrum_smithii","PASM","5/26/22","Early",19,1,3,2,85,"perennial","graminoid","C3",0.04,"0.1494","0.1193","0.0477",NA
"313","TB",2,"HG","Pascopyrum_smithii","PASM","5/26/22","Early",11.8,1,2,0,98,"perennial","graminoid","C3",0.035,"0.0616","0.0359","0.0205",2.558
"314","TB",3,"LG","Pascopyrum_smithii","PASM","5/26/22","Early",16.4,1,3,0,80,"perennial","graminoid","C3",0.032,"0.0749","0.0042","0.0236",3.111
"315","TB",3,"MG","Pascopyrum_smithii","PASM","5/26/22","Early",11.6,1,2,0,95,"perennial","graminoid","C3",0.029,"0.0679","0.0422","0.0229",NA
"316","TB",3,"HG","Pascopyrum_smithii","PASM","5/26/22","Early",15.6,1,3,1,85,"perennial","graminoid","C3",0.035,"0.0864","0.1311","0.0289",NA
"317","TB",1,"LG","Phlox_hoodia","PHHO","5/25/22","Early",1.8,7,35,8,85,"perennial","forb","C3",0.048,"0.0019","0.0403",NA,0.064
"318","TB",1,"MG","Phlox_hoodia","PHHO","5/25/22","Early",5.4,5,69,0,95,"perennial","forb","C3",0.059,"0.0032","0.0444","1e-05",0.11
"319","TB",1,"HG","Phlox_hoodia","PHHO","5/25/22","Early",2.6,6,21,3,97,"perennial","forb","C3",0.032,"0.0013","0.0094","1e-05",0.053
"320","TB",2,"LG","Phlox_hoodia","PHHO","5/26/22","Early",2.8,11,37,0,100,"perennial","forb","C3",0.028,"0.0016","0.0137","0.0002",0.044
"321","TB",2,"MG","Phlox_hoodia","PHHO","5/26/22","Early",2.5,6,49,0,90,"perennial","forb","C3",0.029,"<0.0001","0.0121",NA,0.019
"322","TB",2,"HG","Phlox_hoodia","PHHO","5/26/22","Early",3.1,10,82,0,80,"perennial","forb","C3",0.035,"0.0006","0.0369","1e-05",0.022
"323","TB",3,"LG","Phlox_hoodia","PHHO","5/26/22","Early",2.7,3,94,0,99,"perennial","forb","C3",0.046,"0.0008","0.0499","1e-05",0.032
"324","TB",3,"MG","Phlox_hoodia","PHHO","5/26/22","Early",3.4,11,125,0,90,"perennial","forb","C3",0.037,"0.0007","0.0518","1e-05",0.039
"325","TB",3,"HG","Phlox_hoodia","PHHO","5/26/22","Early",1.7,2,134,0,99,"perennial","forb","C3",0.038,"0.0008","0.1448","1e-05",0.03
"326","TB",1,"LG","Picradeniopsis_oppositifolia","PIOP","5/25/22","Early",9.9,1,8,0,95,"perennial","woody","C3",0.062,"0.0791","0.1452","0.0148",1.67
"327","TB",1,"MG","Picradeniopsis_oppositifolia","PIOP","5/25/22","Early",8.7,1,4,0,100,"perennial","woody","C3",0.07,"0.978","0.0721","0.0166",1.928
"328","TB",1,"HG","Picradeniopsis_oppositifolia","PIOP","5/25/22","Early",9.1,0,11,0,100,"perennial","woody","C3",0.057,"0.01","0.0341","0.0022",0.451
"329","TB",2,"LG","Picradeniopsis_oppositifolia","PIOP","5/26/22","Early",4.1,6,16,0,95,"perennial","woody","C3",0.056,"0.022","0.03","0.0037",0.561
"330","TB",2,"MG","Picradeniopsis_oppositifolia","PIOP","5/26/22","Early",5.5,3,10,0,100,"perennial","woody","C3",0.037,"0.0042","0.0096","0.0009",0.281
"331","TB",2,"HG","Picradeniopsis_oppositifolia","PIOP","5/26/22","Early",7,3,5,0,98,"perennial","woody","C3",0.082,"0.097","0.0463","0.0169",1.925
"332","TB",3,"LG","Picradeniopsis_oppositifolia","PIOP","5/26/22","Early",NA,NA,NA,NA,NA,"perennial","woody","C3",0.042,"0.0419","0.0849","0.0088",1.974
"333","TB",3,"MG","Picradeniopsis_oppositifolia","PIOP","5/26/22","Early",NA,NA,NA,NA,NA,"perennial","woody","C3",NA,"",NA,NA,NA
"334","TB",3,"HG","Picradeniopsis_oppositifolia","PIOP","5/26/22","Early",NA,NA,NA,NA,NA,"perennial","woody","C3",NA,"",NA,NA,NA
"335","TB",1,"LG","Plantago_patagonica","PLPA","5/25/22","Early",3,0,14,0,95,"annual","forb","C3",0.039,"0.0219","0.0594","0.0053",0.494
"336","TB",1,"MG","Plantago_patagonica","PLPA","5/25/22","Early",3.9,0,17,1,99,"annual","forb","C3",0.054,"0.0243","0.0477","0.0043",0.956
"337","TB",1,"HG","Plantago_patagonica","PLPA","5/25/22","Early",4.5,1,12,0,95,"annual","forb","C3",0.045,"0.0557","0.0625","0.0102",0.829
"338","TB",2,"LG","Plantago_patagonica","PLPA","5/26/22","Early",1.8,1,3,1,95,"annual","forb","C3",0.038,"0.016","0.0051","0.0022",0.354
"339","TB",2,"MG","Plantago_patagonica","PLPA","5/26/22","Early",4,14,46,2,97,"annual","forb","C3",0.059,"0.0227","0.1788","0.004",0.731
"340","TB",2,"HG","Plantago_patagonica","PLPA","5/26/22","Early",3.3,0,5,0,100,"annual","forb","C3",0.043,"0.0137","0.0106","0.0034",0.483
"341","TB",3,"LG","Plantago_patagonica","PLPA","5/26/22","Early",3.5,0,2,2,90,"annual","forb","C3",0.046,"0.0034","0.0006","1e-05",3.155
"342","TB",3,"MG","Plantago_patagonica","PLPA","5/26/22","Early",1.9,0,5,0,99,"annual","forb","C3",0.03,"0.0031","0.0203","0.0006",0.14
"343","TB",3,"HG","Plantago_patagonica","PLPA","5/26/22","Early",3.5,0,4,0,95,"annual","forb","C3",0.035,"0.0142","0.0103","0.0039",0.437
"344","TB",1,"LG","Polygonum_aviculare","POAV","5/25/22","Early",NA,NA,NA,NA,NA,"","","",NA,"",NA,NA,NA
"345","TB",1,"MG","Polygonum_aviculare","POAV","5/25/22","Early",NA,NA,NA,NA,NA,"","","",NA,"",NA,NA,NA
"346","TB",1,"HG","Polygonum_aviculare","POAV","5/25/22","Early",NA,NA,NA,NA,NA,"","","",NA,"",NA,NA,NA
"347","TB",2,"LG","Polygonum_aviculare","POAV","5/26/22","Early",NA,NA,NA,NA,NA,"","","",NA,"",NA,NA,NA
"348","TB",2,"MG","Polygonum_aviculare","POAV","5/26/22","Early",NA,NA,NA,NA,NA,"","","",NA,"",NA,NA,NA
"349","TB",2,"HG","Polygonum_aviculare","POAV","5/26/22","Early",NA,NA,NA,NA,NA,"","","",NA,"",NA,NA,NA
"350","TB",3,"LG","Polygonum_aviculare","POAV","5/26/22","Early",NA,NA,NA,NA,NA,"","","",NA,"",NA,NA,NA
"351","TB",3,"MG","Polygonum_aviculare","POAV","5/26/22","Early",NA,NA,NA,NA,NA,"","","",NA,"",NA,NA,NA
"352","TB",3,"HG","Polygonum_aviculare","POAV","5/26/22","Early",NA,NA,NA,NA,NA,"","","",NA,"",NA,NA,NA
"353","TB",1,"LG","Poa_secunda","POSE","5/25/22","Early",6.6,1,1,0,98,"perennial","graminoid","C3",0.021,"0.0086","0.0014","0.0029",0.402
"354","TB",1,"MG","Poa_secunda","POSE","5/25/22","Early",5,0,2,0,98,"perennial","graminoid","C3",0.035,"0.0115","0.0069","0.0038",0.503
"355","TB",1,"HG","Poa_secunda","POSE","5/25/22","Early",9.6,1,4,0,95,"perennial","graminoid","C3",0.026,"0.0055","0.0062","0.0011",0.373
"356","TB",2,"LG","Poa_secunda","POSE","5/26/22","Early",6.5,0,2,0,75,"perennial","graminoid","C3",0.029,"0.0195","0.0062","0.0066",0.792
"357","TB",2,"MG","Poa_secunda","POSE","5/26/22","Early",11.1,1,3,2,90,"perennial","graminoid","C3",0.038,"0.0044","0.0512","0.0016",0.314
"358","TB",2,"HG","Poa_secunda","POSE","5/26/22","Early",4.7,1,2,0,95,"perennial","graminoid","C3",0.024,"0.0064","0.0034","0.0011",0.283
"359","TB",3,"LG","Poa_secunda","POSE","5/26/22","Early",3.6,1,1,1,60,"perennial","graminoid","C3",0.03,"0.0067","0.0044","0.0021",0.418
"360","TB",3,"MG","Poa_secunda","POSE","5/26/22","Early",3.4,0,3,0,99,"perennial","graminoid","C3",0.034,"0.0133","0.0052","0.0038",0.567
"361","TB",3,"HG","Poa_secunda","POSE","5/26/22","Early",4.8,1,3,0,95,"perennial","graminoid","C3",0.022,"0.007","0.0311","0.0017",0.395
"362","TB",1,"LG","Psoralidium_tenuiflorum","PSTE","5/25/22","Early",3.1,4,1,0,100,"perennial","forb","C3",0.045,"0.0375","0.0076","0.0063",1.043
"363","TB",1,"MG","Psoralidium_tenuiflorum","PSTE","5/25/22","Early",2.5,10,5,0,98,"perennial","forb","C3",0.042,"0.045","0.0618","0.0101",1.305
"364","TB",1,"HG","Psoralidium_tenuiflorum","PSTE","5/25/22","Early",4,3,4,0,99,"perennial","forb","C3",0.042,"0.0493","0.0345","0.0103",1.41
"365","TB",2,"LG","Psoralidium_tenuiflorum","PSTE","5/26/22","Early",4.6,3,2,0,100,"perennial","forb","C3",0.044,"0.534","0.0201","0.0087",1.473
"366","TB",2,"MG","Psoralidium_tenuiflorum","PSTE","5/26/22","Early",5,8,4,0,99,"perennial","forb","C3",0.028,"0.0495","0.0673","0.0089",1.722
"367","TB",2,"HG","Psoralidium_tenuiflorum","PSTE","5/26/22","Early",8.1,3,2,0,100,"perennial","forb","C3",0.054,"0.0597","0.0373","0.0113",1.831
"368","TB",3,"LG","Psoralidium_tenuiflorum","PSTE","5/26/22","Early",NA,NA,NA,NA,NA,"perennial","forb","C3",NA,"",NA,NA,NA
"369","TB",3,"MG","Psoralidium_tenuiflorum","PSTE","5/26/22","Early",NA,NA,NA,NA,NA,"perennial","forb","C3",NA,"",NA,NA,NA
"370","TB",3,"HG","Psoralidium_tenuiflorum","PSTE","5/26/22","Early",NA,NA,NA,NA,NA,"perennial","forb","C3",NA,"",NA,NA,NA
"371","TB",1,"LG","Sphaeralcea_coccinea","SPCO","5/25/22","Early",2.8,3,2,0,98,"perennial","forb","C3",0.038,"0.0256","0.0259","0.0064",0.738
"372","TB",1,"MG","Sphaeralcea_coccinea","SPCO","5/25/22","Early",2.9,2,6,0,98,"perennial","forb","C3",0.045,"0.0508","0.0324","0.014",1.353
"373","TB",1,"HG","Sphaeralcea_coccinea","SPCO","5/25/22","Early",2.9,7,11,0,99,"perennial","forb","C3",0.046,"0.0353","0.0717",NA,1.267
"374","TB",2,"LG","Sphaeralcea_coccinea","SPCO","5/26/22","Early",3.6,1,9,0,98,"perennial","forb","C3",0.043,"0.0539","0.0626","0.0127",1.654
"375","TB",2,"MG","Sphaeralcea_coccinea","SPCO","5/26/22","Early",1.6,2,4,0,95,"perennial","forb","C3",0.07,"0.0213","0.024","0.0064",0.766
"376","TB",2,"HG","Sphaeralcea_coccinea","SPCO","5/26/22","Early",2.5,0,6,0,98,"perennial","forb","C3",0.037,"0.0797","0.1244","0.0235",2.527
"377","TB",3,"LG","Sphaeralcea_coccinea","SPCO","5/26/22","Early",6.8,2,7,0,98,"perennial","forb","C3",0.041,"0.0617","0.0911","0.0139",1.764
"378","TB",3,"MG","Sphaeralcea_coccinea","SPCO","5/26/22","Early",3.6,1,6,0,95,"perennial","forb","C3",0.041,"0.0498","0.0569","0.0111",1.544
"379","TB",3,"HG","Sphaeralcea_coccinea","SPCO","5/26/22","Early",5.6,3,6,0,90,"perennial","forb","C3",0.035,"0.0726","0.0972","0.0171",2.216
"380","TB",1,"LG","Sporobolus_cryptandrus","SPCR","6/28/22","Late",NA,NA,NA,NA,NA,"","","",NA,"",NA,NA,NA
"381","TB",1,"MG","Sporobolus_cryptandrus","SPCR","6/28/22","Late",NA,NA,NA,NA,NA,"","","",NA,"",NA,NA,NA
"382","TB",1,"HG","Sporobolus_cryptandrus","SPCR","6/28/22","Late",NA,NA,NA,NA,NA,"","","",NA,"",NA,NA,NA
"383","TB",2,"LG","Sporobolus_cryptandrus","SPCR","6/29/22","Late",NA,NA,NA,NA,NA,"","","",NA,"",NA,NA,NA
"384","TB",2,"MG","Sporobolus_cryptandrus","SPCR","6/29/22","Late",NA,NA,NA,NA,NA,"","","",NA,"",NA,NA,NA
"385","TB",2,"HG","Sporobolus_cryptandrus","SPCR","6/29/22","Late",NA,NA,NA,NA,NA,"","","",NA,"",NA,NA,NA
"386","TB",3,"LG","Sporobolus_cryptandrus","SPCR","6/29/22","Late",NA,NA,NA,NA,NA,"","","",NA,"",NA,NA,NA
"387","TB",3,"MG","Sporobolus_cryptandrus","SPCR","6/29/22","Late",NA,NA,NA,NA,NA,"","","",NA,"",NA,NA,NA
"388","TB",3,"HG","Sporobolus_cryptandrus","SPCR","6/29/22","Late",NA,NA,NA,NA,NA,"","","",NA,"",NA,NA,NA
"389","TB",1,"LG","Taraxacum_officinale","TAOF","5/25/22","Early",4.5,0,10,0,65,"perennial","forb","C3",0.045,"0.0508","0.0786","0.0063",1.881
"390","TB",1,"MG","Taraxacum_officinale","TAOF","5/25/22","Early",3.6,0,9,0,85,"perennial","forb","C3",0.03,"0.0611","0.1068","0.004",2.18
"391","TB",1,"HG","Taraxacum_officinale","TAOF","5/25/22","Early",6.2,0,8,0,98,"perennial","forb","C3",0.043,"0.0921","0.0624","0.0156",3.866
"392","TB",2,"LG","Taraxacum_officinale","TAOF","5/26/22","Early",1.6,1,4,1,50,"perennial","forb","C3",0.03,"0.0169","0.0175","0.0032",0.887
"393","TB",2,"MG","Taraxacum_officinale","TAOF","5/26/22","Early",14.4,0,28,1,80,"perennial","forb","C3",0.02,"0.1655","0.569","0.0225",7.818
"394","TB",2,"HG","Taraxacum_officinale","TAOF","5/26/22","Early",5.4,0,29,0,95,"perennial","forb","C3",0.03,"0.1586","0.7394","0.0205",6.338
"395","TB",3,"LG","Taraxacum_officinale","TAOF","5/26/22","Early",3.1,0,2,0,60,"perennial","forb","C3",0.033,"0.1092","0.0209","0.0181",4.694
"396","TB",3,"MG","Taraxacum_officinale","TAOF","5/26/22","Early",2.9,0,5,0,100,"perennial","forb","C3",0.031,"0.0875","0.0308","0.0131",4.269
"397","TB",3,"HG","Taraxacum_officinale","TAOF","5/26/22","Early",4.5,0,4,0,80,"perennial","forb","C3",0.04,"0.0729","0.0398","0.0103",3.086
"398","TB",1,"LG","Tetraneuris_acaulis","TEAC","5/25/22","Early",4.4,5,11,0,95,"perennial","forb","C3",0.039,"0.0262","0.0756","0.001",0.771
"399","TB",1,"MG","Tetraneuris_acaulis","TEAC","5/25/22","Early",2.6,3,8,0,98,"perennial","forb","C3",0.044,"0.0114","0.0246","0.0022",0.238
"400","TB",1,"HG","Tetraneuris_acaulis","TEAC","5/25/22","Early",4.2,2,10,0,95,"perennial","forb","C3",0.056,"0.0107","0.0269","0.0165",0.345
"401","TB",2,"LG","Tetraneuris_acaulis","TEAC","5/26/22","Early",3.6,3,13,6,90,"perennial","forb","C3",0.062,"0.019","0.0595","0.0048",0.676
"402","TB",2,"MG","Tetraneuris_acaulis","TEAC","5/26/22","Early",4.6,4,15,1,65,"perennial","forb","C3",0.044,"0.0483","0.1295","0.0107",1.462
"403","TB",2,"HG","Tetraneuris_acaulis","TEAC","5/26/22","Early",8.5,5,32,0,90,"perennial","forb","C3",0.041,"0.0787","0.689","0.0194",2.145
"404","TB",3,"LG","Tetraneuris_acaulis","TEAC","5/26/22","Early",NA,NA,NA,NA,NA,"perennial","forb","C3",NA,"",NA,NA,NA
"405","TB",3,"MG","Tetraneuris_acaulis","TEAC","5/26/22","Early",NA,NA,NA,NA,NA,"perennial","forb","C3",NA,"",NA,NA,NA
"406","TB",3,"HG","Tetraneuris_acaulis","TEAC","5/26/22","Early",NA,NA,NA,NA,NA,"perennial","forb","C3",NA,"",NA,NA,NA
"407","TB",1,"LG","Tragopogon_dubius","TRDU","5/25/22","Early",16.5,1,21,5,90,"annual_biennial","forb","C3",0.034,"0.1888","0.631","0.0331",6.499
"408","TB",1,"MG","Tragopogon_dubius","TRDU","5/25/22","Early",19.9,1,14,1,95,"annual_biennial","forb","C3",0.057,"0.1674","0.0299","0.4185",5.517
"409","TB",1,"HG","Tragopogon_dubius","TRDU","5/25/22","Early",27,8,41,0,95,"annual_biennial","forb","C3",0.042,"0.3631","2.8576","0.0023",9.37
"410","TB",2,"LG","Tragopogon_dubius","TRDU","5/26/22","Early",20.4,3,32,0,95,"annual_biennial","forb","C3",0.039,"0.2835","1.3187","0.0474",7.815
"411","TB",2,"MG","Tragopogon_dubius","TRDU","5/26/22","Early",25.6,8,32,0,95,"annual_biennial","forb","C3",0.038,"0.24","1.4988","0.0419",8.033
"412","TB",2,"HG","Tragopogon_dubius","TRDU","5/26/22","Early",13.8,0,22,1,85,"annual_biennial","forb","C3",0.03,"0.113","0.4405","0.0221",3.856
"413","TB",3,"LG","Tragopogon_dubius","TRDU","5/26/22","Early",17.5,0,19,0,90,"annual_biennial","forb","C3",0.042,"0.1545","0.4813","0.0312",5.772
"414","TB",3,"MG","Tragopogon_dubius","TRDU","5/26/22","Early",17.6,5,15,0,80,"annual_biennial","forb","C3",0.027,"0.1367","0.4267","0.0255",5.148
"415","TB",3,"HG","Tragopogon_dubius","TRDU","5/26/22","Early",22.1,0,31,0,85,"annual_biennial","forb","C3",0.052,"0.1937","1.3209","0.0345",4.454
"416","TB",1,"LG","Tradescantia_occidentalis","TROC","5/25/22","Early",NA,NA,NA,NA,NA,"","","",NA,NA,NA,NA,NA
"417","TB",1,"MG","Tradescantia_occidentalis","TROC","5/25/22","Early",NA,NA,NA,NA,NA,"","","",NA,NA,NA,NA,NA
"418","TB",1,"HG","Tradescantia_occidentalis","TROC","5/25/22","Early",NA,NA,NA,NA,NA,"","","",NA,NA,NA,NA,NA
"419","TB",2,"LG","Tradescantia_occidentalis","TROC","5/26/22","Early",NA,NA,NA,NA,NA,"","","",NA,NA,NA,NA,NA
"420","TB",2,"MG","Tradescantia_occidentalis","TROC","5/26/22","Early",NA,NA,NA,NA,NA,"","","",NA,NA,NA,NA,NA
"421","TB",2,"HG","Tradescantia_occidentalis","TROC","5/26/22","Early",NA,NA,NA,NA,NA,"","","",NA,NA,NA,NA,NA
"422","TB",3,"LG","Tradescantia_occidentalis","TROC","5/26/22","Early",NA,NA,NA,NA,NA,"","","",NA,NA,NA,NA,NA
"423","TB",3,"MG","Tradescantia_occidentalis","TROC","5/26/22","Early",NA,NA,NA,NA,NA,"","","",NA,NA,NA,NA,NA
"424","TB",3,"HG","Tradescantia_occidentalis","TROC","5/26/22","Early",NA,NA,NA,NA,NA,"","","",NA,NA,NA,NA,NA
"425","TB",1,"LG","Vicia_americana","VIAM","5/25/22","Early",9.4,5,14,0,100,"perennial","forb","C3",0.027,"0.0709","0.2552","0.0167",3.325
"426","TB",1,"MG","Vicia_americana","VIAM","5/25/22","Early",9.5,3,10,0,95,"perennial","forb","C3",0.036,"0.0982","0.0249","0.1808",3.521
"427","TB",1,"HG","Vicia_americana","VIAM","5/25/22","Early",9.1,5,5,0,95,"perennial","forb","C3",0.038,"0.0741","0.1353","0.061",2.806
"428","TB",2,"LG","Vicia_americana","VIAM","5/26/22","Early",5.5,1,4,0,85,"perennial","forb","C3",0.037,"0.0568","0.0351","0.0126",2.123
"429","TB",2,"MG","Vicia_americana","VIAM","5/26/22","Early",12.6,2,7,0,98,"perennial","forb","C3",0.043,"0.0648","0.1597","0.0132",3.235
"430","TB",2,"HG","Vicia_americana","VIAM","5/26/22","Early",5.9,1,5,0,100,"perennial","forb","C3",0.04,"0.0324","0.0271","0.0085",1.464
"431","TB",3,"LG","Vicia_americana","VIAM","5/26/22","Early",6.6,1,9,0,83,"perennial","forb","C3",0.036,"0.0662","0.0987","0.0175",3.239
"432","TB",3,"MG","Vicia_americana","VIAM","5/26/22","Early",9.5,3,15,0,90,"perennial","forb","C3",0.039,"0.0724","0.3301","0.0206",2.881
"433","TB",3,"HG","Vicia_americana","VIAM","5/26/22","Early",8.5,0,21,1,90,"perennial","forb","C3",0.037,"0.0812","0.32","0.0188",3.263
"434","TB",1,"LG","Vulpia_octoflora","VUOC","5/25/22","Early",5.4,0,2,0,95,"annual","graminoid","C3",0.023,"0.0012","0.009","1e-05",0.094
"435","TB",1,"MG","Vulpia_octoflora","VUOC","5/25/22","Early",4.6,0,3,2,100,"annual","graminoid","C3",0.034,"0.0005","0.0058","0.0004",0.03
"436","TB",1,"HG","Vulpia_octoflora","VUOC","5/25/22","Early",5,0,2,3,80,"annual","graminoid","C3",0.027,"0.0005","0.0075","0.0194",0.03
"437","TB",2,"LG","Vulpia_octoflora","VUOC","5/26/22","Early",4.9,0,3,1,99,"annual","graminoid","C3",0.04,"0.0013","0.0098","1e-05",0.066
"438","TB",2,"MG","Vulpia_octoflora","VUOC","5/26/22","Early",3.4,0,3,0,90,"annual","graminoid","C3",0.037,"0.0006","0.002","1e-05",0.048
"439","TB",2,"HG","Vulpia_octoflora","VUOC","5/26/22","Early",4.6,0,3,0,97,"annual","graminoid","C3",0.03,"0.0002","0.0024",NA,0.021
"440","TB",3,"LG","Vulpia_octoflora","VUOC","5/26/22","Early",NA,NA,NA,NA,NA,"annual","graminoid","C3",0.035,"0.0006","0.005","1e-05",0.047
"441","TB",3,"MG","Vulpia_octoflora","VUOC","5/26/22","Early",NA,NA,NA,NA,NA,"annual","graminoid","C3",0.033,"0.0006","0.0029","1e-05",0.038
"442","TB",3,"HG","Vulpia_octoflora","VUOC","5/26/22","Early",NA,NA,NA,NA,NA,"annual","graminoid","C3",NA,"",NA,NA,NA
